0,電動車核心技術是什麼
0,我國新能源的情況
0,未來發展如何
0,傳統汽車和電動車的區別是什麼
0,新能源的優點在哪裡
0,中國的電動車如何
0,什麼是新能源
0,電動車的優勢
0,定義是什麼
0,電動車的缺點是什麼
0,變速箱是什麼？
0,這個概念是
0,中國能源車發展如何
0,中國能源車發展有什麼企業
0,課程講了什麼
0,人工智慧和無人駕駛的關係
0,無人駕駛原理是什麼
0,電動車的折返角是多少？
0,電動車的電池是否有安全保護？
0,電動車的最大爬坡度是多少？
0,電動車的控制系統是什麼？
0,電動車的驅動方式是什麼？
0,電動車的排量是多少？
0,電動車的最大功率是多少？
0,電動車的最大扭矩是多少？
0,電動車的輪胎規格是什麼？
0,回南天什麼時候結束
0,中國新能源車有什麼牌子
0,概念有了嗎
0,主講老師是
0,會有考試嗎
0,中國新能源車之父是
0,傳統汽車的弊端是什麼
0,新能源車的壽命有多少
0,新能源汽車的燃料消耗量如何？
0,新能源汽車的購買成本是多少？
0,新能源汽車的使用壽命是多少？
0,新能源汽車的維護費用是多少？
0,新能源汽車的充電時間是多少？
0,新能源汽車的行駛里程是多少？
0,新能源汽車有哪些補貼政策？
0,新能源汽車的技術發展如何？
0,新能源汽車的發展趨勢是什麼？
0,新能源汽車的充電方式有哪些？
0,什麼是中國新能源汽車？
0,中國新能源汽車的發展有多快？
0,中國新能源汽車市場的規模有多大？
0,中國新能源汽車的種類有哪些？
0,中國新能源汽車的銷量有多少？
0,中國新能源汽車的價格是多少？
0,中國新能源汽車的技術有多先進？
0,中國新能源汽車的發展有什麼樣的好處？
0,中國新能源汽車的發展有什麼樣的不足？
0,中國新能源汽車的推廣有什麼樣的政策支援？
0,中國新能源汽車的技術改進有哪些？
0,中國新能源汽車的發展是否有可持續性？
0,中國新能源汽車的技術發展趨勢是什麼？
0,新能源汽車的使用環境有哪些要求？
0,新能源汽車的安全效能如何？
0,新能源汽車的發展受到哪些限制？
0,新能源汽車的技術改進有哪些？
0,新能源汽車的節能效果如何？
0,新能源汽車的排放標準有哪些？
0,新能源汽車的車速是多少？
0,中國新能源汽車的發展是否會對傳統汽車產業造成影響？
0,中國新能源汽車的技術創新能否滿足使用者的需求？
0,中國新能源汽車的發展是否會增加汽車生產的成本？
0,中國新能源汽車的發展是否會改變汽車市場的競爭格局？
0,中國新能源汽車的發展是否會改變汽車行業的經營模式？
0,中國新能源汽車的發展是否會對汽車行業的供應鏈產生影響？
0,中國新能源汽車的發展是否會改變汽車行業的銷售模式？
0,中國新能源汽車的發展是否會影響汽車行業的價格競爭？
0,中國新能源汽車的發展是否會改變汽車行業的
0,什麼是新能源汽車？
0,新能源汽車有哪些型別？
0,新能源汽車的優勢有哪些？
0,新能源汽車的動力源有哪些？
0,新能源汽車的車身結構如何？
0,新能源汽車的車輛效能如何？
0,新能源汽車的智慧駕駛功能有哪些？
0,新能源汽車的智慧安全系統有哪些？
0,新能源汽車的智慧資訊服務有哪些？
0,新能源汽車的智慧連線功能有哪些？
0,新能源汽車的車輛控制系統有哪些
0,電動車的電池壽命是多久？
0,電動車的最大行駛距離是多少？
0,電動車的最高速度是多少？
0,電動車的電池是否可以更換？
0,電動車的續航里程是多少？
0,電動車的充電時間是多久？
0,電動車的重量是多少？
0,電動車的最大載重量是多少？
0,電動車的發動機功率是多少？
0,電動車的電池容量是多少？
0,電動車的剎車系統是什麼？
0,電動車的懸掛系統是什麼？
0,電動車的剎車距離是多少？
0,電動車的轉向系統是什麼？
0,電動車的上坡能力是多少？
0,電動車的檔位數量是多少？
0,電動車的驅動電機數量是多少？
0,電動車的驅動電機功率是多少？
0,電動車的驅動電機最大扭矩是多少？
0,電動車的控制器是什麼？
0,電動車的車身尺寸是多少？
0,電動車的結構是什麼？
0,電動車的車架材料是什麼？
0,電動車的車輪尺寸是多少？
0,電動車的車輪材料是什麼？
1,今天天氣
1,現在溫度
1,廣州多少度啊
1,現在溫度多少啊
1,現在室外問題多少
1,今天會下雨嗎
1,會下雨嗎
1,會出太陽嗎
1,會有颱風嗎
1,現在幾度
1,今天會漲潮嗎
1,人工降雨後，溫度多少
1,需要帶雨傘嗎
1,今天穿短袖衣服合適嗎
1,需要添衣服嗎
1,需要開空調嗎
1,會降溫嗎
1,會下冰雹嗎
1,清明節假期天氣
1,美國天氣
1,這幾天出差要多帶衣服嗎
1,春節未來七天的天氣
1,會地震嗎
1,天氣怎麼樣？
1,今天的天氣怎麼樣？
1,明天的天氣會怎麼樣？
1,下個星期天的天氣會怎麼樣？
1,天氣會變冷嗎？
1,今天會下雨嗎？
1,明天會晴天嗎？
1,下個星期會有雨嗎？
1,今天的溫度怎麼樣？
1,明天的溫度會怎麼樣？
1,下個星期的溫度會怎麼樣？
1,今天會有多熱？
1,今天會有多冷？
1,明天會有多熱？
1,明天會有多冷？
1,下個星期會有多熱？
1,下個星期會有多冷？
1,今天的風會有多大？
1,明天的風會有多大？
1,下個星期的風會有多大？
1,今天會有霧嗎？
1,明天會有霧嗎？
1,下個星期會有霧嗎？
1,今天會有雨嗎？
1,明天會有雨嗎？
1,下個星期會有雨嗎？
1,今天會有雪嗎？
1,明天會有雪嗎？
1,下個星期會有雪嗎？
1,今天會有霾嗎？
1,今天會有沙塵暴嗎？
1,明天會有沙塵暴嗎？
1,下個星期會有沙塵暴嗎？
1,今天會有冰雹嗎？
1,你今天早上感覺到的溫度是多少？
1,你今天晚上感覺到的溫度是多少？
1,你的溫度計顯示了多少華氏度？
1,你室內最近測量的溫度是多少？
1,你室外最近測量的溫度是多少？
1,你室內最近測量的溫度是多少華氏度？
1,你室外最近測量的溫度是多少華氏度？
1,明天會有霾嗎？
1,下個星期會有霾嗎？
1,明天會有冰雹嗎？
1,下個星期會有冰雹嗎？
1,今天會有大風嗎？
1,明天會有大風嗎？
1,下個星期會有大風嗎？
1,今天會有暴雨嗎？
1,明天會有暴雨嗎？
1,下個星期會有暴雨嗎？
1,今天會有高溫嗎？
1,明天會有高溫嗎？
1,下個星期會有高溫嗎？
1,今天會有低溫嗎？
1,你最近經常感受到的溫度是多少？
1,你家裡最近測量的溫度是多少？
1,你室外溫度計顯示了多少攝氏度？
1,你室內溫度計顯示了多少華氏度？
1,你今天早上測量的溫度是多少？
1,你今天晚上測量的溫度是多少？
1,你最近感受到的室內溫度是多少？
1,你最近感覺到的溫度是多少？
1,溫度計顯示了多少攝氏度？
1,你家的溫度是多少？
1,你認為外面的溫度有多高？
1,你最近測量的溫度是多少？
1,你身邊的環境溫度是多少？
1,溫度感測器檢測到的溫度是多少？
1,你室內的溫度有多高？
1,你室外的溫度有多高？
1,你最近感受到的室外溫度是多少